{
  "accuracy": 0.8888888888888888,
  "precision": 0.8962962962962964,
  "recall": 0.8962962962962964,
  "f1": 0.8947368421052632
}